Subject,Number,A+,A,A-,B+,B,B-,C+,C,C-,D+,D,D-,F,W
AAS,100,754,1924,672,419,442,186,100,114,42,21,21,17,97,16
AAS,120,13,87,73,73,58,36,30,29,7,4,9,1,1,4
ABE,436,6,14,6,8,9,2,2,2,0,0,1,0,1,0
ACCY,200,182,783,368,362,328,290,209,139,93,40,55,29,17,3
ACCY,201,1386,2016,1837,1379,1315,1121,720,568,436,118,368,88,341,95
ACCY,202,770,2140,514,1912,1809,574,491,474,252,0,106,0,54,37
ACCY,301,358,1049,1168,1017,907,460,211,147,59,32,22,11,31,14
ACCY,302,266,988,1174,1120,973,482,209,77,43,15,13,8,13,11
ACCY,303,537,1160,975,898,651,360,210,146,94,49,35,52,34,15
ACCY,304,230,1142,1000,987,843,352,137,117,53,13,22,12,24,3
ACCY,312,273,993,727,858,967,421,166,158,40,18,25,8,21,29
ACCY,398,359,61,6,4,11,0,0,27,0,0,0,0,1,0
ACCY,405,70,827,840,975,700,228,127,51,30,7,8,0,3,10
ACCY,410,258,679,424,378,509,322,124,80,31,12,31,4,8,13
ACCY,415,6,273,139,198,179,83,23,43,18,5,9,5,6,2
ACCY,451,89,501,160,223,435,84,50,97,21,2,4,0,4,1
ACCY,500,1698,1803,1329,722,600,173,74,32,11,3,3,0,34,17
ACCY,501,464,920,611,454,418,148,70,51,23,8,12,9,53,16
ACCY,502,256,897,546,393,301,179,84,63,18,5,13,1,13,7
ACCY,503,784,3211,1797,1381,1124,378,127,95,33,8,10,3,51,22
ACCY,504,197,1002,525,346,745,86,16,10,5,0,3,0,4,0
ACCY,505,244,1578,555,449,487,161,45,45,6,2,2,0,19,4
ACCY,506,64,86,64,93,52,22,0,11,0,0,1,0,0,0
ACCY,507,159,240,81,48,32,19,19,12,5,4,1,0,2,1
ACCY,510,165,830,485,497,530,197,29,21,4,0,1,0,3,2
ACCY,511,51,303,433,355,195,36,10,9,1,0,0,0,1,0
ACCY,512,189,1329,600,300,137,48,10,12,1,0,0,1,3,1
ACCY,515,12,477,359,382,398,119,9,16,3,0,1,1,0,2
ACCY,517,112,1093,509,401,414,148,14,21,3,0,0,0,1,5
ACCY,518,159,30,3,4,1,0,0,1,0,0,0,0,0,0
ACCY,551,0,41,28,54,133,8,1,0,0,0,0,0,0,0
ACCY,552,1,101,81,90,149,6,2,0,0,0,0,0,0,0
ACCY,553,24,77,74,58,68,2,0,0,0,0,0,0,0,0
ACCY,556,29,219,140,96,121,20,2,8,0,0,0,0,0,0
ACCY,557,14,34,35,20,16,14,0,0,0,0,0,0,0,0
ACCY,559,1,25,34,26,13,4,1,0,0,0,0,0,0,0
ACCY,560,93,110,96,27,9,0,0,0,0,0,0,0,0,0
ACCY,570,149,361,123,36,24,7,3,0,0,0,1,0,1,0
ACCY,574,2,134,5,3,8,1,0,1,0,0,0,0,0,0
ACCY,575,143,504,249,71,23,10,2,3,1,1,0,2,1,0
ACCY,578,33,0,0,1,0,0,0,0,1,0,0,0,0,0
ACCY,593,120,467,72,54,185,18,3,4,0,0,1,0,0,0
ACE,100,183,444,399,377,505,272,228,244,137,70,90,75,102,10
ACE,161,69,4620,32,25,1335,6,10,450,3,4,136,2,113,23
ACE,199,298,176,30,18,31,3,7,11,0,0,4,1,12,2
ACE,240,1845,1542,28,32,478,16,16,234,4,3,58,4,112,8
ACE,341,153,357,112,34,56,12,9,15,5,2,10,1,5,1
ACE,360,190,241,158,87,94,59,30,28,23,9,7,6,15,3
ACE,398,27,191,35,16,20,1,2,4,1,0,0,3,1,2
ACE,427,25,39,30,18,18,9,7,2,2,1,0,0,4,0
ACE,444,43,303,143,105,165,72,30,19,6,2,17,1,7,2
ACE,445,3,44,0,0,7,1,0,8,0,0,0,0,0,1
ACES,101,1129,1802,201,90,164,29,43,48,18,12,26,6,46,3
ACES,179,25,112,65,52,82,25,14,24,13,4,6,5,27,4
ACES,199,40,35,17,5,5,3,1,0,2,3,0,2,10,1
ADV,150,977,1849,151,164,604,53,45,140,15,15,45,7,87,9
ADV,281,38,294,74,70,412,57,39,139,33,14,22,4,22,2
ADV,283,159,947,412,132,84,48,5,10,7,1,1,2,8,0
ADV,284,70,438,433,194,103,70,14,26,11,5,2,4,8,0
ADV,290,12,6,15,12,4,10,4,2,5,0,0,1,1,0
ADV,300,198,1378,184,150,817,82,61,213,14,7,39,3,59,13
ADV,310,1,9,10,7,14,8,4,1,0,1,1,0,1,0
ADV,350,16,23,14,10,4,1,0,1,0,0,0,0,0,0
ADV,400,17,112,3,0,30,0,4,11,0,0,0,0,2,0
ADV,410,41,99,86,59,33,11,5,3,0,2,0,0,0,0
ADV,411,19,45,26,11,9,4,0,1,0,0,1,0,0,0
ADV,460,173,653,245,221,159,96,52,40,21,10,8,3,6,1
ADV,483,45,287,592,470,325,165,59,30,14,6,8,1,2,1
ADV,490,14,78,24,12,2,3,0,1,0,0,1,0,1,0
ADV,491,11,94,56,41,19,12,5,2,0,1,1,0,0,0
ADV,493,8,16,13,20,23,12,11,4,1,0,0,1,0,0
ADV,498,0,496,150,55,36,3,3,2,1,0,0,0,0,0
AE,100,178,478,141,80,49,20,10,13,9,1,0,1,12,1
AE,140,15,169,59,28,23,15,5,7,0,3,3,2,14,0
AE,199,109,569,180,107,66,35,25,10,13,3,11,5,23,2
AE,311,1,16,2,2,24,0,1,11,0,0,1,0,0,0
AE,353,49,34,6,23,20,30,4,3,3,3,1,4,7,1
AE,441,1,3,9,9,12,1,0,1,0,0,0,0,0,0
AE,442,9,108,100,104,119,48,25,30,13,2,12,0,11,3
AE,443,18,130,112,47,70,29,7,9,1,0,0,0,1,0
AE,498,11,22,7,11,13,6,4,0,0,0,0,0,0,0
AFRO,100,81,143,143,47,51,32,15,22,16,6,2,7,23,6
AFRO,101,22,74,91,84,66,31,21,11,17,7,13,6,36,2
AGED,260,112,463,160,130,87,42,27,27,8,9,5,0,9,2
AGED,380,47,35,21,5,3,6,0,0,1,0,0,0,2,0
AGED,480,41,133,63,23,14,6,2,2,0,0,0,0,1,2
AHS,125,0,111,0,0,4,0,0,0,0,0,2,0,1,0
AHS,199,15,332,0,1,34,0,1,6,0,0,5,0,6,0
AHS,494,1,34,9,3,1,2,0,0,0,0,0,0,0,0
AIS,101,112,569,194,121,240,56,24,44,15,1,8,0,34,7
AIS,285,7,14,4,0,0,0,0,0,0,0,3,0,0,0
ANSC,100,19,295,5,21,134,0,13,56,0,1,8,0,4,3
ANSC,110,35,115,14,13,30,3,3,3,1,0,4,0,1,2
ANSC,207,721,1546,271,326,576,155,102,180,41,32,49,13,82,9
ANSC,250,329,1460,145,147,182,86,46,59,24,6,25,8,39,10
ANSC,306,12,186,13,22,38,5,2,6,0,0,1,0,1,0
ANSC,398,5,61,2,3,5,0,0,0,0,0,0,0,0,1
ANSC,422,0,191,0,0,87,0,0,33,0,0,17,0,6,1
ANSC,424,0,63,0,0,32,0,0,7,0,0,1,0,0,0
ANSC,526,0,22,0,0,20,0,0,0,0,0,0,0,1,0
ANTH,101,13,87,0,0,64,0,0,27,0,0,8,0,6,0
ANTH,102,56,185,104,132,173,84,68,70,31,13,35,8,47,3
ANTH,103,683,701,553,343,440,244,128,123,70,31,50,18,80,10
ANTH,104,53,66,66,39,27,8,9,5,2,3,1,2,5,1
ANTH,143,2728,3726,1662,723,1211,427,211,326,146,58,101,43,251,41
ANTH,220,14,56,53,25,36,36,13,14,2,1,4,0,7,1
ANTH,230,58,219,122,103,111,44,30,29,6,10,9,1,21,3
ANTH,246,573,2967,243,254,340,78,88,136,60,28,30,15,141,10
ANTH,268,5,15,9,10,14,6,4,4,1,0,0,1,2,1
ANTH,270,15,27,10,10,9,5,7,3,3,4,2,1,1,2
ARAB,150,41,32,17,13,10,9,3,9,2,4,2,3,13,1
ARAB,201,3,18,1,0,2,0,0,0,0,0,0,0,0,0
ARCH,101,38,22,29,18,11,13,4,3,2,1,0,2,7,1
ARCH,172,12,19,22,24,11,5,8,0,1,0,1,0,4,0
ARCH,199,515,220,193,112,127,11,1,23,3,0,6,0,46,8
ARCH,271,12,81,194,328,282,111,77,42,18,6,0,0,6,9
ARCH,272,0,4,22,38,28,10,8,0,0,0,1,0,1,1
ARCH,321,52,164,46,35,34,23,16,11,1,0,5,1,2,0
ARCH,351,16,27,32,43,34,13,15,15,0,1,0,0,0,1
ARCH,352,5,13,28,32,20,9,8,5,0,0,0,0,0,0
ARCH,373,1,21,71,50,24,11,0,0,1,2,0,0,0,1
ARCH,374,5,44,42,52,38,8,3,1,0,1,0,0,1,1
ARCH,451,20,41,28,21,17,14,11,9,5,0,1,1,2,0
ARCH,452,17,37,38,25,23,19,3,4,1,1,1,0,0,0
ART,102,13,32,11,11,2,0,1,0,0,0,0,0,0,0
ART,105,60,234,91,24,11,6,1,5,0,0,1,0,2,1
ART,140,8,21,4,3,3,0,1,0,0,0,0,0,3,0
ART,202,49,65,9,4,2,0,2,2,0,0,0,0,0,0
ART,299,13,69,50,8,20,3,1,1,0,0,0,0,1,0
ARTD,211,3,42,20,5,24,7,3,3,0,0,1,0,1,1
ARTD,218,82,56,25,13,10,11,2,2,3,1,1,1,6,1
ARTD,222,24,8,8,3,0,1,0,1,0,0,1,1,1,0
ARTD,225,0,8,19,5,15,6,0,4,0,1,1,0,2,0
ARTD,228,0,7,4,10,4,9,2,6,1,0,0,0,1,0
ARTD,251,13,17,19,8,7,7,5,4,2,0,1,0,9,0
ARTD,270,34,43,6,20,14,19,4,4,5,0,3,0,12,0
ARTD,299,24,31,5,2,3,0,1,2,1,0,1,0,0,0
ARTD,301,0,12,9,0,0,0,0,0,0,0,0,0,1,0
ARTD,313,1,22,4,7,4,0,0,0,0,0,0,0,0,0
ARTD,326,17,39,2,1,0,0,0,3,2,0,3,0,2,0
ARTD,328,7,20,14,13,4,1,0,0,0,0,0,0,0,0
ARTD,351,41,55,34,24,12,4,1,1,0,0,0,0,3,0
ARTD,371,4,23,14,9,4,4,1,0,0,0,0,0,0,0
ARTD,418,28,9,3,5,3,1,4,2,4,1,1,1,2,0
ARTD,445,3,7,15,8,1,2,0,0,0,0,0,0,0,0
ARTD,451,0,27,4,8,4,0,0,0,0,0,0,0,0,0
ARTD,471,4,9,5,7,3,0,0,0,0,0,0,0,0,0
ARTD,499,2,17,13,5,11,1,0,5,0,0,2,0,10,0
ARTF,101,0,345,98,66,63,20,21,31,5,3,17,1,32,1
ARTF,104,0,5,5,3,6,2,0,0,0,0,0,0,0,0
ARTH,110,4,22,18,11,16,7,0,1,2,0,0,1,3,0
ARTH,111,14,38,54,28,33,13,4,7,1,3,2,1,2,2
ARTH,112,4,34,31,14,12,15,4,8,6,2,1,1,3,0
ARTH,113,10,19,14,19,5,8,3,4,2,1,1,1,1,0
ARTH,114,0,8,11,5,18,6,6,2,5,0,0,0,2,0
ARTH,115,3,22,51,41,58,16,9,8,3,1,1,0,2,0
ARTH,299,1,5,7,5,8,3,1,0,0,0,0,0,1,0
ASRM,199,1,68,7,6,8,2,2,4,1,0,1,0,1,0
ASTR,100,1410,2984,1602,1194,1736,734,552,695,305,181,238,125,678,72
ASTR,122,20,38,3,4,5,0,0,0,0,0,0,0,0,0
ATMS,100,274,833,476,400,560,129,68,62,28,18,15,8,19,8
ATMS,120,2223,876,260,184,196,80,62,45,30,17,7,11,20,3
ATMS,491,6,5,3,4,0,2,1,0,0,0,0,0,0,0
BADM,199,0,88,2,2,1,0,0,0,0,0,0,0,0,0
BADM,210,17,1488,402,241,319,101,71,93,35,2,26,3,20,3
BADM,211,229,1053,368,239,204,81,42,38,22,11,3,5,12,4
BADM,275,352,915,221,78,48,14,10,5,6,3,2,1,2,0
BADM,300,1669,2141,1006,849,906,493,305,313,147,71,96,46,63,23
BADM,310,546,1872,708,361,233,79,54,59,19,5,15,7,35,7
BADM,311,57,315,327,251,173,72,28,10,5,0,0,1,1,3
BADM,312,21,316,177,134,87,39,16,12,9,1,4,2,3,2
BADM,313,66,78,15,9,8,2,1,2,0,0,2,0,3,1
BADM,314,100,81,24,13,12,4,2,4,2,0,0,1,2,0
BADM,320,4357,4465,1727,863,609,249,104,87,46,17,14,10,38,9
BADM,322,123,957,346,169,158,59,26,32,5,1,8,2,6,1
BADM,323,5,253,215,51,169,3,12,12,1,0,0,0,0,1
BADM,325,440,576,428,169,77,47,17,11,7,0,2,3,2,4
BADM,336,21,17,13,4,3,0,0,0,0,0,0,0,0,0
BADM,340,171,348,45,31,23,6,3,14,7,2,0,2,8,1
BADM,350,195,1662,1030,571,445,184,75,73,35,4,31,1,5,6
BADM,351,75,24,5,11,4,5,0,0,0,0,0,0,0,0
BADM,352,84,322,57,47,35,11,5,6,1,0,0,0,0,1
BADM,353,77,487,233,148,77,20,15,12,4,0,0,2,0,2
BADM,367,0,91,6,2,0,0,0,0,0,0,0,0,0,0
BADM,374,153,426,251,250,177,108,48,36,23,7,16,7,8,8
BADM,375,377,785,547,477,376,262,127,106,44,20,13,8,16,14
BADM,378,19,60,8,4,4,9,4,0,1,1,0,0,2,0
BADM,380,206,646,324,170,100,39,22,11,8,2,2,2,2,2
BADM,381,13,122,18,5,3,2,0,0,1,0,0,0,0,0
BADM,382,53,98,27,16,17,2,0,1,0,0,0,0,0,0
BADM,395,30,202,108,44,16,10,2,4,1,0,0,0,2,2
BADM,420,42,301,81,44,33,3,2,12,0,0,2,0,1,0
BADM,445,0,46,49,32,27,4,0,0,0,0,2,0,0,0
BADM,449,598,4142,2163,1337,830,306,154,109,38,0,18,2,17,7
BADM,502,1,126,19,3,5,1,0,1,1,1,0,0,0,0
BADM,508,3693,2995,1713,979,655,210,79,59,34,17,10,9,140,32
BADM,509,1138,4521,1492,780,531,205,116,54,28,9,17,9,171,26
BADM,513,0,82,1,1,2,0,0,1,0,0,0,0,0,0
BADM,514,68,344,243,160,71,19,6,1,2,0,2,0,0,0
BADM,520,993,3810,1240,555,496,98,41,18,15,5,7,3,43,7
BADM,525,17,274,269,236,108,16,6,5,0,0,2,0,0,0
BADM,543,48,154,194,174,71,34,5,2,0,0,0,0,0,0
BADM,544,952,2484,2252,1441,938,373,178,100,40,18,10,5,63,20
BADM,550,11,194,10,8,12,7,3,0,0,0,0,0,1,0
BADM,554,2,65,30,31,16,10,7,3,1,0,0,0,0,0
BADM,566,65,171,121,53,56,20,8,21,7,3,12,15,1,0
BADM,567,810,3710,1626,1125,1013,442,120,106,38,8,9,0,99,19
BADM,572,616,3031,1236,765,1194,340,257,135,38,18,42,1,141,48
BADM,573,3,12,8,5,10,0,2,3,0,0,0,0,0,0
BADM,574,30,150,172,138,87,13,1,1,0,0,0,0,1,0
BADM,589,141,753,288,207,183,75,37,29,9,8,7,0,12,5
BADM,590,2879,6545,2147,967,588,159,59,45,20,8,15,5,152,12
BCOG,100,6,61,0,7,37,0,0,11,0,0,2,0,7,2
BDI,513,12,64,2,4,23,0,0,4,0,0,0,0,0,0
BIOC,455,39,22,19,19,15,8,7,1,1,0,2,1,0,1
BIOE,120,59,67,50,5,5,1,0,2,0,0,0,0,0,0
BIOE,201,14,50,16,12,6,2,0,0,1,0,0,0,0,0
BIOE,298,4,25,27,13,19,7,6,2,3,1,1,0,1,0
BIOE,398,7,10,8,1,2,0,0,0,0,0,0,0,0,0
BIOE,498,48,143,23,7,4,0,0,0,0,0,0,0,1,0
BIOP,401,26,35,22,10,5,1,1,0,0,0,0,0,0,0
BTW,250,340,4847,3341,1734,1175,336,142,155,89,14,41,15,118,20
BTW,261,42,636,113,62,176,27,9,24,10,1,6,3,12,2
BUS,101,382,5686,1013,441,272,92,42,43,11,8,11,7,27,13
BUS,199,37,60,20,12,3,1,0,0,0,0,1,0,0,0
BUS,201,352,1471,226,87,46,10,6,2,1,6,3,2,8,0
BUS,301,44,610,61,22,16,5,2,0,0,0,2,0,0,0
BUS,401,0,483,25,11,14,2,2,0,1,0,0,0,1,0
CEE,195,0,40,31,14,9,4,2,3,1,0,0,1,3,0
CEE,198,16,23,23,13,9,2,2,2,2,0,0,0,1,0
CEE,201,85,36,32,33,19,10,2,5,7,3,2,1,8,0
CEE,202,13,17,12,8,7,8,2,1,0,0,0,0,0,0
CEE,300,1,10,13,11,25,24,20,15,2,2,3,4,2,0
CEE,320,20,60,34,22,12,8,4,3,1,0,0,1,0,0
CEE,330,19,41,47,42,26,19,16,13,0,0,1,0,0,0
CEE,360,15,27,17,8,5,1,2,6,0,1,2,0,3,0
CEE,380,16,27,43,26,45,61,20,27,7,6,4,0,5,0
CEE,420,2,50,48,46,28,19,9,3,2,2,2,2,0,0
CEE,421,18,84,40,36,21,6,7,4,2,2,0,1,2,0
CEE,422,6,66,7,36,17,8,2,2,2,0,0,0,2,1
CEE,460,12,25,12,6,1,1,4,0,0,0,0,0,1,0
CEE,461,1,8,8,4,7,9,5,2,3,0,3,0,1,0
CEE,463,0,21,15,10,2,3,1,1,0,0,0,0,0,0
CEE,470,18,21,17,20,14,13,18,10,5,3,2,0,10,1
CEE,471,5,1,6,10,12,8,4,3,2,0,0,0,0,0
CEE,472,10,16,4,9,6,3,0,1,0,0,0,0,0,0
CEE,498,71,305,134,58,45,18,5,5,2,2,1,0,3,0
CEE,598,35,114,100,65,26,14,2,1,0,0,0,0,2,2
CHBE,221,7,57,31,40,62,41,59,57,34,6,23,0,14,7
CHBE,431,5,23,25,22,51,16,23,18,8,4,1,0,1,0
CHBE,494,11,87,32,19,86,28,6,29,7,0,4,0,1,1
CHEM,101,124,1181,582,1031,1304,974,829,915,481,263,250,162,416,62
CHEM,102,775,3123,2249,3517,5099,4041,4622,5025,3170,1703,1539,1082,1233,344
CHEM,103,3308,11643,3583,2562,2051,918,683,564,256,183,187,98,561,92
CHEM,104,846,1979,1620,2018,2968,2013,2145,2636,1850,672,648,455,389,155
CHEM,105,1386,6930,1888,1344,1343,583,504,347,152,72,131,40,192,34
CHEM,150,40,19,4,2,2,0,0,0,0,0,0,0,0,0
CHEM,199,857,4377,158,59,86,35,9,24,10,2,13,5,35,28
CHEM,203,137,524,430,479,649,288,142,225,84,30,35,21,81,15
CHEM,205,69,349,245,290,360,153,130,137,75,21,34,24,49,12
CHEM,232,568,1534,1134,1239,2239,1446,1344,1638,781,513,512,137,312,146
CHEM,233,1276,2871,2327,1730,1918,854,568,465,180,59,43,25,80,38
CHEM,236,1,44,3,11,57,2,7,61,1,0,13,2,9,2
CHEM,237,66,323,219,203,470,229,166,294,102,15,40,10,18,14
CHEM,332,165,329,234,232,322,215,167,182,131,104,92,27,75,11
CHEM,360,4,57,36,35,60,41,18,50,20,0,4,0,1,0
CHEM,420,2,28,18,14,17,15,15,15,11,0,0,0,1,0
CHEM,440,46,216,144,150,172,123,58,35,15,1,11,0,11,4
CHEM,442,104,305,210,155,183,109,47,47,33,7,13,5,23,4
CHEM,492,0,48,4,6,8,3,1,0,0,0,0,0,1,0
CHLH,100,1087,2064,1350,795,787,344,230,191,95,67,63,34,204,21
CHLH,101,780,3069,1645,1054,1384,497,300,372,146,55,107,30,185,17
CHLH,111,0,70,0,0,4,0,0,1,0,0,1,0,0,0
CHLH,199,91,485,96,64,44,21,6,10,5,0,5,1,5,3
CHLH,200,2,61,42,9,18,12,3,2,2,1,1,1,3,0
CHLH,206,642,5512,2242,1121,1864,690,370,512,192,92,193,64,356,28
CHLH,243,6945,5082,1369,883,1357,446,270,467,138,104,126,43,307,35
CHLH,244,0,32,41,31,21,25,18,18,12,6,5,9,5,2
CHLH,250,15,51,7,2,10,0,0,5,0,0,0,0,0,0
CHLH,260,388,1631,319,153,309,66,37,71,21,4,23,2,46,6
CHLH,274,568,625,546,304,233,187,81,79,51,26,49,23,178,14
CHLH,304,350,378,222,102,74,37,29,11,7,4,1,4,26,5
CHLH,410,0,18,0,0,6,0,0,0,0,0,0,0,0,0
CHLH,421,99,242,171,69,124,45,26,29,12,7,7,5,8,1
CHLH,456,42,74,22,13,6,4,3,4,0,1,1,0,3,0
CHLH,469,11,44,35,14,3,3,1,1,0,0,0,0,1,0
CHLH,594,0,32,10,6,0,0,0,0,0,0,0,0,0,0
CHP,199,163,171,25,9,12,2,1,2,0,0,0,0,2,1
CI,335,7,337,16,9,42,0,0,0,1,0,0,0,0,2
CI,401,73,138,31,15,15,3,4,4,2,0,0,0,3,0
CI,402,3,24,13,2,1,1,0,0,0,0,0,0,0,0
CI,403,57,141,11,4,14,2,1,3,1,0,0,0,3,0
CI,404,31,55,7,2,4,0,0,1,0,0,0,0,0,0
CI,405,53,461,136,49,42,13,10,5,3,0,0,1,4,0
CI,406,26,342,122,50,8,10,11,4,3,0,0,0,1,0
CI,407,9,345,88,37,16,5,5,2,1,0,1,0,0,1
CI,415,79,415,85,30,29,12,6,4,2,1,2,0,4,0
CI,430,150,357,93,80,64,21,6,7,1,0,1,0,1,0
CI,432,148,361,116,33,9,1,1,0,1,0,0,0,0,0
CI,433,0,51,11,3,4,1,1,1,0,0,0,0,0,0
CI,446,0,26,1,0,0,0,0,0,0,0,0,0,1,0
CI,447,11,105,2,4,1,0,0,1,0,0,0,0,1,0
CI,448,91,226,44,10,12,5,1,4,0,0,1,0,0,0
CI,450,10,341,125,46,50,14,4,2,1,0,1,0,2,0
CI,451,5,221,35,7,9,0,4,1,1,0,0,0,0,0
CI,452,9,85,13,8,2,1,0,0,0,0,0,0,0,0
CI,467,14,326,80,42,46,14,9,3,1,0,0,0,1,2
CI,473,201,422,49,5,15,0,0,2,0,0,0,0,1,0
CI,475,100,486,191,58,40,18,6,6,0,0,1,0,2,0
CI,476,35,409,136,28,26,7,5,5,3,0,0,0,0,0
CI,550,5,26,6,1,2,0,0,0,0,0,1,0,0,0
CLCV,102,798,152,83,42,38,30,17,10,13,5,7,0,31,2
CLCV,114,10,22,11,8,7,10,3,6,3,1,2,0,5,1
CLCV,115,708,5565,724,547,2094,215,160,500,45,39,71,37,216,18
CLCV,120,2,25,12,2,7,0,0,0,0,0,0,0,0,0
CLCV,220,11,28,12,12,13,4,4,2,1,0,0,2,4,0
CLCV,224,333,1101,29,11,90,6,15,21,2,1,2,1,20,2
CMN,101,223,2006,1733,955,1228,463,210,178,105,53,48,22,181,37
CMN,102,116,95,67,31,54,21,12,20,6,4,8,3,24,2
CMN,111,15,740,259,150,115,89,24,27,22,4,2,1,25,1
CMN,112,0,484,203,107,76,25,12,10,10,1,1,0,6,1
CMN,113,21,63,46,47,50,31,9,3,1,2,1,1,3,2
CMN,199,0,22,0,0,0,0,0,0,0,0,0,0,3,1
CMN,210,0,46,5,1,3,0,1,0,0,1,1,0,1,0
CMN,211,38,506,213,115,90,56,26,24,29,4,13,13,24,5
CMN,212,152,352,206,153,191,93,47,56,33,9,11,8,18,1
CMN,213,128,184,94,52,38,21,9,7,4,1,3,1,4,1
CMN,214,14,7,13,15,14,7,12,3,14,3,0,1,6,0
CMN,220,12,350,90,54,66,35,18,12,17,6,6,7,23,1
CMN,230,22,37,26,15,14,12,7,6,1,1,2,0,0,1
CMN,232,31,440,147,86,102,48,27,47,18,4,9,2,16,3
CMN,250,87,83,21,13,19,7,4,1,6,1,0,0,5,1
CMN,260,126,508,473,265,382,252,108,134,64,13,26,24,49,13
CMN,275,12,51,33,25,30,22,12,18,0,5,1,1,7,3
CMN,277,10,37,23,14,9,3,4,7,2,1,1,3,2,0
CMN,321,0,15,14,12,10,6,5,0,2,0,1,0,2,0
CMN,323,20,172,161,64,59,29,7,9,4,0,0,0,4,2
CMN,326,73,129,82,90,69,66,47,23,23,21,6,3,8,3
CMN,336,206,514,284,219,244,156,95,76,53,29,28,13,64,13
CMN,338,1,5,11,4,3,9,7,6,4,3,2,2,3,0
CMN,340,161,407,177,112,153,82,27,41,19,5,9,7,22,4
CMN,345,0,61,24,19,17,6,2,4,2,1,1,0,0,0
CMN,377,8,135,66,82,77,50,28,29,11,5,4,1,4,3
CMN,396,163,538,424,349,439,226,167,154,102,53,50,26,59,11
CMN,429,15,52,23,29,14,39,19,18,6,2,9,3,0,4
CMN,432,141,113,14,14,2,0,1,0,0,0,0,0,0,0
CMN,435,68,244,161,91,89,22,10,13,8,3,7,2,5,1
CMN,462,0,62,17,8,8,5,4,1,7,1,0,0,6,0
CMN,496,26,305,143,110,151,60,40,55,18,11,13,3,18,5
CPSC,112,3,21,12,14,19,16,19,17,17,8,4,3,7,0
CPSC,113,50,29,5,2,6,1,0,1,1,1,0,1,2,0
CPSC,270,15,48,35,13,31,22,23,26,9,2,3,2,1,3
CPSC,440,14,224,3,19,7,1,3,1,0,0,0,0,3,1
CPSC,480,0,37,0,4,4,0,2,3,0,0,3,0,6,0
CPSC,499,3,18,5,1,1,1,1,1,1,0,2,0,2,0
CS,100,0,753,16,8,4,4,1,1,0,1,3,0,10,2
CS,101,946,983,725,657,639,496,352,316,206,151,109,71,164,32
CS,105,1091,2277,1422,1197,1371,713,523,539,319,148,161,59,186,53
CS,125,1169,2023,873,605,620,326,366,366,197,30,105,33,185,54
CS,126,129,419,241,149,73,41,17,14,14,4,1,2,39,3
CS,173,806,2016,1503,1385,1382,879,702,650,396,300,258,150,256,61
CS,196,49,129,48,26,15,8,7,4,7,0,6,0,5,6
CS,199,14,59,1,2,3,1,0,2,0,0,0,0,2,0
CS,210,109,401,119,80,79,15,12,30,3,1,6,0,4,1
CS,225,618,5113,1152,775,1256,506,449,716,211,92,491,79,546,89
CS,232,33,51,27,27,74,13,11,11,3,2,1,1,1,1
CS,233,765,1866,133,107,696,60,58,388,33,12,163,20,160,21
CS,241,324,342,194,183,166,135,161,101,76,85,69,50,120,15
CS,242,40,103,128,64,24,21,17,14,7,4,4,2,17,2
CS,296,32,140,24,18,30,5,2,10,3,1,4,0,10,2
CS,357,399,1838,535,434,486,256,218,309,137,103,91,60,110,19
CS,361,69,37,31,35,10,14,5,10,6,1,3,0,7,4
CS,373,8,16,21,21,31,21,15,6,6,5,1,0,0,0
CS,374,128,283,243,243,203,199,154,154,96,85,33,32,36,8
CS,398,32,74,25,24,112,14,14,50,3,0,20,0,13,1
CS,410,758,259,100,34,17,8,0,7,0,0,2,0,12,5
CS,411,384,1108,436,238,150,114,56,44,31,9,15,10,23,6
CS,412,290,447,288,216,221,147,79,63,39,6,32,2,57,8
CS,416,556,234,30,45,30,5,9,2,0,3,2,0,11,14
CS,418,55,67,41,40,23,11,5,7,7,1,13,0,6,1
CS,421,863,1415,221,215,263,84,99,129,27,54,82,9,69,11
CS,423,23,28,10,4,2,1,0,0,0,0,1,0,0,0
CS,425,141,322,659,489,266,173,36,33,8,5,10,6,40,10
CS,427,112,129,54,29,12,10,0,11,0,0,7,0,3,4
CS,428,5,17,12,5,5,4,1,0,0,0,0,0,1,0
CS,433,1,17,30,30,27,8,6,2,2,2,1,0,0,2
CS,435,16,187,36,19,15,8,0,9,1,2,2,2,17,8
CS,437,188,159,28,11,12,15,8,8,7,3,4,1,15,9
CS,440,75,260,62,63,198,27,25,54,7,6,20,7,19,3
CS,441,42,1225,146,55,36,23,18,12,12,7,2,7,37,15
CS,445,120,135,77,23,20,14,9,3,8,2,4,4,16,5
CS,446,37,162,116,91,60,36,7,11,1,2,6,0,5,2
CS,447,93,132,90,32,19,6,4,1,0,0,2,0,16,4
CS,450,8,3,2,3,2,0,1,1,0,0,0,0,2,1
CS,460,1,40,5,9,1,2,0,4,0,0,0,0,3,1
CS,461,4,46,15,22,108,2,10,47,1,0,6,0,0,2
CS,465,10,90,48,31,31,5,4,3,0,0,1,0,1,1
CS,473,6,19,9,15,17,12,14,15,7,4,2,0,0,0
CS,484,23,152,22,8,55,4,4,23,1,0,4,2,8,6
CS,498,2238,5232,1492,972,892,449,242,276,133,80,87,26,183,37
CS,519,84,262,87,41,42,5,3,5,0,0,1,0,4,1
CS,525,7,18,21,25,4,2,0,0,0,0,0,0,0,0
CS,598,799,2241,559,277,212,67,21,37,5,7,4,2,21,17
CW,100,45,210,60,41,32,14,7,5,6,2,1,1,9,1
CWL,114,20,17,7,5,6,2,1,6,0,0,1,2,2,1
CWL,207,6,134,3,0,4,2,0,2,0,0,0,1,3,1
CWL,241,24,108,40,14,14,6,2,8,4,0,1,1,7,1
CWL,242,27,32,11,10,7,4,4,1,2,1,4,1,8,1
DANC,100,1082,1827,368,176,121,72,42,38,21,15,16,15,54,11
DANC,101,5,9,5,5,2,0,0,0,0,0,0,0,0,1
DANC,105,44,49,8,6,4,0,1,0,0,0,0,1,1,0
DANC,106,7,22,4,0,2,0,0,0,0,1,0,0,1,0
DANC,112,19,50,29,4,6,2,0,1,0,0,1,0,0,0
DANC,201,5,8,6,2,2,0,0,0,0,0,0,0,1,0
EALC,230,23,41,5,2,1,2,0,1,0,0,0,0,0,0
EALC,250,15,31,35,36,31,26,9,10,8,3,1,4,18,2
EALC,275,38,97,83,41,41,11,11,9,5,2,6,0,4,0
ECE,110,1018,1921,1120,856,904,512,361,422,203,103,102,34,253,26
ECE,120,264,831,593,434,465,261,184,188,87,65,62,40,124,9
ECE,190,35,165,99,84,94,111,84,76,61,50,30,24,49,13
ECE,198,33,114,99,110,124,116,87,73,58,20,36,13,20,3
ECE,199,97,22,4,3,4,1,3,0,2,0,0,0,3,1
ECE,205,176,244,147,133,187,109,96,138,35,5,28,2,22,3
ECE,206,231,1237,327,195,152,46,6,20,11,5,7,1,22,3
ECE,210,324,586,413,639,903,639,503,721,469,137,249,84,185,44
ECE,220,154,457,309,260,320,223,168,158,102,35,66,43,75,8
ECE,290,24,146,96,97,158,92,93,86,51,22,21,1,20,4
ECE,310,153,402,243,288,442,235,150,180,100,47,41,16,59,7
ECE,311,263,803,263,119,137,64,28,63,19,10,16,7,54,6
ECE,313,218,481,343,485,898,480,454,561,279,141,168,30,128,21
ECE,314,45,117,31,18,16,7,3,0,3,0,0,0,11,0
ECE,316,85,592,241,124,100,33,20,19,6,1,0,2,0,6
ECE,329,244,426,292,289,391,241,249,246,177,58,100,18,137,15
ECE,330,64,254,98,90,350,106,76,206,48,27,92,40,25,2
ECE,333,18,95,29,29,100,32,11,36,7,1,13,1,1,1
ECE,340,178,354,177,240,439,177,187,338,164,32,164,35,150,13
ECE,342,74,213,131,180,160,101,74,78,41,11,22,8,26,3
ECE,343,16,385,147,71,36,10,4,4,2,0,0,3,11,2
ECE,350,12,8,22,4,10,6,10,2,4,0,0,0,0,0
ECE,365,18,64,21,10,9,8,2,3,3,0,1,0,3,0
ECE,385,33,119,43,53,37,7,10,9,5,5,4,2,7,3
ECE,391,16,99,47,84,74,38,23,28,17,4,9,11,25,1
ECE,398,2,10,5,4,1,2,0,1,0,1,0,0,0,0
ECE,408,20,216,123,123,212,95,63,92,26,10,18,15,15,3
ECE,410,3,21,10,5,23,6,7,13,5,6,7,7,5,0
ECE,411,24,86,104,68,52,40,27,17,17,17,7,7,4,1
ECE,430,5,21,9,7,52,13,13,30,10,2,11,2,1,1
ECE,440,41,50,41,39,59,39,37,57,36,1,22,3,22,2
ECE,444,66,182,72,38,116,36,9,51,8,0,8,1,2,1
ECE,445,2,7,21,20,25,11,12,6,0,0,1,0,1,0
ECE,450,16,25,5,14,22,16,4,2,3,0,1,0,1,0
ECE,470,9,22,21,20,12,3,7,1,3,4,2,0,0,0
ECE,486,5,21,8,7,9,4,0,3,1,2,0,1,1,0
ECE,498,19,48,43,23,27,25,14,12,7,5,7,2,2,0
ECE,544,5,22,21,7,8,2,0,0,0,0,0,0,0,1
ECE,549,77,593,52,37,119,3,5,26,1,0,5,1,6,9
ECE,598,5,25,10,7,4,0,0,0,0,0,0,0,0,1
ECON,102,6709,11178,3630,2947,4650,1444,1190,1732,512,381,529,159,647,113
ECON,103,1494,4455,3154,2974,3481,1805,1392,1670,738,376,589,213,647,123
ECON,199,20,0,0,0,0,0,0,1,0,0,0,0,0,0
ECON,202,369,2828,561,718,2820,375,490,1368,197,225,473,120,274,66
ECON,203,1540,1610,1386,1413,1801,1288,1058,1252,677,511,500,322,759,129
ECON,302,1965,2759,2075,1868,2074,1630,1163,1179,944,564,552,404,932,93
ECON,303,252,661,667,801,845,559,411,311,182,93,76,49,87,27
ECON,411,14,53,36,36,43,18,35,37,9,4,2,1,5,2
ECON,414,6,31,5,6,27,1,2,20,0,0,0,0,1,0
ECON,418,4,4,5,3,4,2,5,4,3,4,0,0,0,0
ECON,420,12,9,8,6,8,6,3,2,1,1,1,1,2,0
ECON,426,15,23,22,26,23,25,10,10,3,0,1,0,3,0
ECON,437,127,91,37,32,24,11,7,8,2,8,0,0,5,0
ECON,440,9,122,53,59,40,28,27,26,3,0,0,1,6,0
ECON,450,8,30,14,15,15,13,7,11,7,4,4,3,7,0
ECON,452,22,34,45,30,16,11,3,2,2,1,0,0,1,1
ECON,469,20,7,5,5,9,5,2,0,1,0,0,0,0,0
ECON,471,62,212,132,165,153,113,103,116,81,46,77,14,30,9
ECON,474,5,8,0,1,4,1,0,3,0,0,0,0,2,0
ECON,475,22,131,21,20,58,13,8,27,0,2,6,3,3,0
ECON,480,41,78,59,43,54,44,18,14,14,4,16,11,8,2
ECON,481,20,22,3,12,4,5,8,3,2,0,0,1,4,3
ECON,483,24,48,42,47,34,14,5,0,1,0,0,0,1,0
ECON,484,26,27,1,0,13,0,0,9,0,0,0,0,0,0
ECON,490,701,1084,627,667,698,370,203,183,117,42,78,31,76,28
ECON,491,9,24,4,3,2,1,0,0,0,0,0,0,0,1
ECON,500,61,216,189,172,144,94,21,16,5,0,0,0,0,2
ECON,502,10,63,85,96,83,30,15,4,0,0,0,0,0,1
ECON,503,60,157,102,88,76,23,7,8,0,0,0,0,0,1
ECON,506,31,111,82,75,79,38,5,1,0,0,0,0,0,1
ECON,508,35,115,68,48,61,6,1,0,0,0,0,0,0,0
ECON,528,642,4081,1184,846,573,237,152,89,52,17,16,9,147,29
ECON,529,1750,2260,745,435,411,169,93,46,21,14,10,2,80,31
ECON,567,15,34,12,5,4,1,0,1,0,0,1,0,0,0
ECON,568,38,109,45,19,16,0,9,0,1,0,0,0,0,0
ECON,590,26,97,69,52,35,13,2,3,2,1,0,0,1,2
EDUC,101,538,1141,28,11,51,9,5,23,3,2,10,2,21,4
EDUC,201,167,728,143,80,57,23,16,16,8,2,3,5,27,3
EDUC,202,266,622,220,117,88,26,21,9,5,3,5,3,10,2
ENG,100,0,1160,0,0,78,0,0,14,0,0,7,0,7,2
ENG,101,0,1162,28,21,152,15,7,51,2,2,26,1,49,3
ENG,111,45,85,14,2,1,0,0,5,0,0,4,0,0,1
ENG,177,72,281,55,24,19,1,4,3,0,1,3,2,6,0
ENG,198,302,1318,374,193,154,27,14,34,5,2,11,1,17,7
ENG,199,190,556,34,18,78,12,2,14,3,1,4,2,14,4
ENG,298,23,56,35,18,9,12,2,1,1,1,0,1,16,1
ENG,300,35,65,1,2,2,0,1,1,0,0,0,0,0,0
ENG,315,14,58,27,19,10,6,3,0,1,2,0,0,1,1
ENG,333,18,73,25,14,16,7,4,1,3,1,0,1,3,0
ENG,398,3,176,6,2,30,0,1,2,0,0,0,0,1,0
ENG,491,1,8,11,3,1,0,0,0,0,0,0,0,0,0
ENGL,101,6,104,74,48,64,15,17,10,2,2,4,1,6,4
ENGL,102,0,6,22,11,13,12,8,5,1,0,0,0,3,4
ENGL,103,3,25,18,25,9,11,4,3,2,0,2,0,5,1
ENGL,104,201,1004,675,579,514,270,151,118,69,30,30,31,113,17
ENGL,109,89,616,428,266,187,98,41,25,20,4,4,4,43,9
ENGL,115,10,38,23,5,10,0,1,0,0,0,0,0,2,1
ENGL,116,10,222,139,89,62,35,5,7,5,2,1,0,3,2
ENGL,119,8,36,12,10,8,6,2,2,0,0,0,0,2,0
ENGL,120,4,11,4,3,0,0,0,0,0,0,0,0,0,0
ENGL,200,59,519,428,236,152,72,37,32,10,4,2,3,31,6
ENGL,218,20,124,90,35,25,16,3,1,2,0,0,0,7,1
ENGL,245,4,37,36,20,13,5,0,1,1,0,0,0,1,0
ENGL,247,0,11,19,10,9,2,2,3,0,0,0,0,3,0
ENGL,250,0,8,17,9,7,3,1,0,0,0,0,0,0,0
ENGL,251,1,12,22,31,16,4,3,1,0,0,0,0,2,1
ENGL,273,3,17,20,21,15,3,3,3,1,0,0,0,0,1
ENGL,280,0,17,4,2,10,2,3,4,1,1,1,0,0,2
ENGL,300,15,114,133,96,60,32,21,7,8,1,4,0,14,4
ENGL,301,15,453,405,197,93,35,22,11,12,5,4,2,24,11
ENGL,350,11,64,25,17,9,1,2,1,0,0,2,0,5,0
ENGL,373,13,24,27,23,9,12,9,12,1,0,1,0,1,0
ENGL,418,3,84,80,89,113,26,12,33,5,0,0,1,4,0
ENGL,419,0,18,8,15,23,6,4,9,1,0,0,0,3,0
ENGL,455,2,76,110,89,34,24,10,3,2,1,1,0,8,3
ENGL,460,4,4,4,1,5,2,2,0,1,1,2,0,5,1
ENGL,461,0,11,5,3,5,2,2,0,2,0,0,0,0,0
ENVS,301,13,17,3,2,4,0,0,1,0,0,2,0,2,1
EOL,440,1,265,48,14,8,0,0,0,0,0,1,0,0,2
EOL,547,6,20,9,4,3,1,0,1,0,0,0,0,0,0
EOL,568,7,53,6,2,3,0,0,3,0,0,1,0,2,0
EPOL,202,1,32,2,2,3,2,1,0,0,0,1,0,3,0
EPOL,310,0,22,0,0,6,0,0,0,0,0,0,0,0,1
EPOL,472,0,63,4,0,1,1,0,0,0,0,1,0,7,1
EPOL,483,88,77,5,6,1,3,0,2,1,0,2,0,7,0
EPOL,515,0,17,2,0,1,0,0,0,0,0,0,0,2,0
EPOL,517,0,105,4,2,1,0,0,0,0,0,0,0,2,2
EPOL,550,0,74,2,1,1,0,0,1,1,0,0,0,0,0
EPS,201,136,158,86,41,24,3,3,0,0,0,0,1,1,3
EPS,202,88,259,104,51,23,8,2,0,3,1,0,1,3,0
EPS,310,45,169,27,24,18,12,1,8,4,0,1,1,7,0
EPS,410,0,28,29,8,2,0,0,0,0,0,0,0,0,0
EPS,529,12,112,38,8,7,0,0,1,0,0,0,0,0,1
EPS,530,0,26,7,0,1,0,0,0,0,0,0,0,0,0
EPS,536,2,119,3,0,2,3,1,1,0,0,1,0,1,0
EPS,590,16,66,12,4,2,2,0,0,0,0,0,0,0,0
EPSY,203,27,58,6,6,4,12,2,2,4,1,0,3,2,0
EPSY,220,351,1096,145,74,113,14,12,43,10,10,15,0,77,6
EPSY,408,72,3,0,1,3,0,0,0,0,0,0,0,0,0
EPSY,430,39,271,44,31,14,6,2,2,1,0,0,0,0,0
EPSY,456,50,23,11,10,6,7,0,0,1,1,1,1,0,0
EPSY,480,3,87,14,5,15,6,4,4,2,0,4,0,8,0
EPSY,485,26,56,7,4,3,2,0,0,0,0,0,0,1,0
EPSY,590,26,8,0,1,1,0,0,0,0,0,0,0,0,0
ESE,200,46,69,91,79,78,36,20,19,10,7,7,4,14,5
ESE,320,7,17,18,20,13,1,3,5,1,0,2,2,0,0
ESE,482,6,14,7,7,1,2,1,1,4,2,0,0,3,1
ESE,497,3,7,9,2,0,0,0,0,0,0,0,0,0,0
ESL,115,4,24,6,0,6,0,0,1,0,0,0,0,1,0
FAA,220,55,20,3,2,0,0,1,0,1,0,1,0,0,0
FIN,221,337,5725,1548,1230,3192,798,555,1389,255,185,512,0,260,69
FIN,230,0,31,28,10,5,7,5,4,2,0,1,0,1,0
FIN,232,1,15,7,5,15,2,1,2,1,0,0,0,0,0
FIN,241,43,433,178,156,282,57,30,8,2,2,0,3,0,4
FIN,300,154,366,337,448,693,489,423,457,249,172,109,30,214,59
FIN,311,3,10,17,16,3,4,6,2,0,0,1,0,1,0
FIN,321,166,954,606,616,616,351,129,124,48,10,13,0,4,2
FIN,411,121,349,297,175,176,103,50,35,13,0,7,1,3,1
FIN,412,23,60,36,39,36,19,13,19,8,3,8,2,3,1
FIN,418,17,51,20,7,6,2,0,2,0,0,0,0,0,0
FIN,423,71,833,447,215,77,19,6,2,0,0,1,0,0,3
FIN,434,1,16,30,37,19,10,4,1,0,0,0,0,0,0
FIN,435,21,327,191,144,100,16,9,1,3,0,0,1,0,0
FIN,445,57,169,58,36,20,7,2,2,1,0,0,0,0,0
FIN,446,35,44,24,16,12,8,3,1,0,0,2,0,0,0
FIN,463,1,61,42,29,22,7,1,2,0,0,0,0,1,0
FIN,464,19,20,12,4,2,1,0,0,0,0,0,0,0,0
FIN,490,20,114,17,33,45,10,1,1,0,0,0,0,0,0
FIN,500,254,826,335,201,197,48,26,22,6,7,3,2,34,0
FIN,501,24,450,400,470,323,40,3,3,1,0,0,0,0,1
FIN,502,47,296,126,103,99,20,3,5,0,0,0,0,0,0
FIN,503,8,46,0,0,10,0,1,7,0,0,0,0,0,0
FIN,510,4,94,25,16,16,2,0,0,0,0,0,0,1,1
FIN,511,178,2427,1203,883,997,289,40,18,5,1,0,1,56,17
FIN,512,136,465,227,200,242,68,25,12,5,2,0,0,1,3
FIN,513,5,4,9,6,6,5,7,1,1,0,1,0,0,0
FIN,515,7,36,29,28,23,22,1,0,0,0,1,0,0,0
FIN,520,0,46,0,0,6,0,0,0,0,0,0,0,0,0
FIN,521,85,448,190,151,277,79,17,3,1,0,0,0,0,2
FIN,522,2,53,23,17,13,3,0,0,0,0,0,0,0,0
FIN,524,6,72,45,72,33,9,0,0,0,0,0,0,0,0
FIN,527,6,49,0,7,10,0,0,2,0,0,0,0,0,0
FIN,550,5,30,17,7,4,3,1,0,0,0,0,0,0,0
FIN,553,45,49,19,7,26,8,0,0,0,0,0,0,0,0
FIN,567,8,165,150,93,47,9,0,2,0,0,0,0,0,0
FIN,571,24,415,334,264,229,89,59,28,13,2,4,1,12,5
FIN,580,811,3766,1441,1150,1037,308,102,124,19,1,10,2,17,20
FR,101,35,156,126,58,124,44,27,38,13,9,11,6,14,4
FR,102,38,122,78,43,85,38,15,32,11,3,9,3,7,3
FR,103,9,78,72,37,62,38,10,25,9,3,4,4,4,1
FR,104,5,16,16,19,31,8,4,12,0,0,3,1,4,0
FR,134,3,9,4,2,4,0,0,0,0,0,0,0,0,0
FSHN,101,164,733,95,135,218,101,59,79,28,16,14,13,27,6
FSHN,120,152,4123,0,0,1551,0,0,464,0,0,130,0,102,14
FSHN,199,136,116,1,0,23,1,0,5,0,1,2,0,3,0
FSHN,304,56,34,3,5,11,2,1,3,1,0,0,0,2,1
FSHN,312,7,13,13,5,2,3,1,0,0,0,0,0,0,0
FSHN,398,3,16,0,0,8,0,0,3,0,0,0,0,0,0
FSHN,414,0,34,0,6,4,0,4,0,0,0,0,0,0,0
FSHN,420,48,32,0,6,10,0,4,6,0,0,2,0,0,0
FSHN,460,3,73,8,9,10,0,2,5,0,0,0,0,0,0
FSHN,471,1,21,0,0,3,0,0,0,0,0,0,0,0,0
FSHN,482,10,26,4,4,1,0,0,0,0,0,0,0,0,0
FSHN,595,28,87,10,7,5,1,1,1,0,0,0,0,0,0
GCL,200,2,26,3,5,6,2,1,2,0,1,1,0,0,0
GE,312,15,33,12,18,22,4,13,10,0,0,0,0,3,1
GE,331,0,1,1,0,3,5,1,5,2,0,4,0,3,1
GEOG,101,150,509,738,482,372,215,115,88,40,21,17,13,51,7
GEOG,379,21,28,26,7,9,7,5,4,2,1,0,3,6,2
GEOL,100,211,341,354,359,243,263,139,96,67,44,30,20,59,7
GEOL,103,1,14,18,6,11,5,0,3,3,0,1,0,1,0
GEOL,107,71,83,41,41,43,27,23,25,4,7,10,3,7,1
GEOL,117,32,26,24,18,15,9,5,8,1,1,0,1,11,1
GEOL,118,19,69,56,46,57,30,14,21,12,7,9,5,15,2
GEOL,143,13,13,5,2,5,5,0,0,0,0,1,0,1,0
GER,101,44,106,65,39,38,22,12,15,7,2,3,3,12,0
GER,102,19,62,54,49,31,28,16,9,9,2,1,0,5,5
GER,103,20,91,43,42,52,23,25,16,16,5,12,1,10,0
GER,250,13,42,25,16,7,0,2,3,0,0,0,0,1,0
GER,251,132,605,173,71,99,26,16,30,19,4,12,2,27,7
GLBL,100,374,736,350,178,145,36,29,32,19,11,20,12,65,0
GLBL,296,148,508,190,96,62,18,20,17,7,3,10,5,29,2
GS,101,3496,8991,1645,913,994,576,360,431,256,112,154,132,564,33
GS,102,39,133,35,25,29,13,6,7,7,7,4,6,19,0
GS,198,213,157,12,2,8,3,2,1,0,0,1,0,2,0
GS,199,1,147,11,3,6,2,1,3,1,0,1,3,11,0
GWS,100,104,612,382,279,398,190,112,138,62,25,34,29,91,8
GWS,202,149,170,125,70,78,31,17,16,5,3,9,4,25,5
GWS,275,238,103,43,25,41,18,4,15,7,2,4,3,23,2
HDFS,101,93,81,23,12,16,9,6,6,3,2,5,0,9,0
HDFS,105,1045,900,233,149,235,57,51,71,16,13,16,3,32,2
HDFS,120,2,258,92,79,84,26,24,31,8,3,6,1,15,1
HIST,100,334,1071,512,331,400,158,112,124,45,23,27,10,66,9
HIST,101,0,12,8,7,9,0,0,0,0,0,0,0,2,0
HIST,102,2,4,4,5,3,2,1,0,0,0,0,0,0,0
HIST,103,38,120,77,43,30,21,9,3,3,1,0,1,5,0
HIST,104,117,345,111,36,21,10,5,12,2,3,4,0,10,1
HIST,110,5,34,58,58,41,16,7,4,2,0,2,0,2,0
HIST,120,160,441,254,181,176,86,52,74,41,21,20,11,62,2
HIST,141,32,173,146,166,241,106,73,73,44,12,16,4,38,4
HIST,142,23,112,99,104,103,59,25,26,16,3,3,1,17,0
HIST,171,98,305,240,190,228,78,31,32,19,6,13,8,40,6
HIST,172,102,441,410,327,345,148,64,75,28,13,18,9,33,5
HIST,200,11,64,44,28,19,8,3,4,1,1,0,0,4,0
HIST,236,7,109,146,50,21,11,3,3,1,1,0,0,8,1
HIST,252,4,53,61,50,57,19,9,4,2,1,0,0,4,1
HIST,258,2,11,1,1,3,1,0,2,0,0,0,0,4,0
HIST,259,0,9,5,6,3,1,2,0,0,0,1,1,2,1
HIST,272,2,10,20,18,23,18,10,8,2,4,2,0,1,1
HIST,274,2,27,35,32,47,17,7,6,2,2,3,0,2,2
HIST,278,18,44,36,8,16,6,4,6,2,0,2,0,0,2
HIST,279,1,7,16,11,8,3,2,2,0,0,0,0,0,0
HIST,281,20,189,80,45,40,22,7,14,6,0,4,0,17,1
HIST,283,7,27,25,8,15,9,2,4,1,0,0,0,3,0
HIST,300,0,2,4,3,1,6,1,0,3,1,1,0,0,0
HIST,396,10,8,6,2,4,4,4,0,2,0,0,2,0,0
HORT,105,458,355,134,89,111,50,33,40,15,8,18,11,20,3
HORT,107,1,982,277,255,295,14,11,20,1,0,4,0,2,5
HRD,411,0,45,7,9,1,2,1,0,0,0,1,0,7,1
HRD,472,90,1,0,3,1,0,0,0,1,0,0,0,19,0
HRE,472,17,3,1,0,0,0,0,0,0,0,0,0,1,0
HRE,530,0,7,16,3,1,0,0,0,0,0,0,0,0,0
IB,100,0,923,0,0,560,0,0,250,0,0,99,0,118,14
IB,104,29,39,33,20,33,28,14,7,9,0,3,1,5,0
IB,105,330,668,557,394,388,233,133,145,91,71,47,67,156,21
IB,110,1,248,0,0,13,0,0,10,0,0,0,0,5,1
IB,150,372,1625,806,712,995,524,372,415,186,113,105,43,129,21
IB,151,188,535,245,126,157,33,29,34,9,6,5,1,10,2
IB,199,0,97,1,0,7,0,2,0,0,0,2,0,0,0
IB,203,10,34,6,6,7,0,1,0,0,0,0,0,0,0
IB,360,52,872,12,78,538,2,20,126,2,0,14,0,4,10
IE,300,91,268,302,261,310,244,206,180,114,84,74,61,98,17
IE,410,8,55,15,29,52,37,20,26,2,0,25,0,23,0
IE,525,1,18,12,5,0,0,0,0,0,0,0,0,0,0
IHLT,101,0,224,0,0,37,0,0,9,0,0,2,0,9,0
IHLT,102,26,10,5,6,1,0,1,0,0,0,1,0,1,0
IHLT,375,153,166,52,13,14,9,5,2,4,1,0,3,7,0
IHLT,474,0,161,0,0,15,0,0,1,0,0,0,0,7,0
IHLT,475,0,48,0,0,3,0,0,0,0,0,1,0,0,0
INFO,103,17,28,16,14,8,9,7,8,2,1,7,0,7,2
INFO,202,6,45,26,8,16,2,5,2,1,1,3,1,5,0
INFO,490,40,842,104,63,65,39,18,29,9,4,14,4,47,5
IS,100,226,42,30,11,5,5,4,2,2,1,0,0,5,0
IS,199,107,46,9,3,7,5,2,4,1,0,2,0,6,0
IS,203,1,28,10,11,1,2,1,1,1,0,0,0,0,0
IS,204,95,55,40,15,4,0,2,5,2,0,0,1,6,0
IS,205,2,59,15,5,7,2,2,7,0,0,0,1,16,0
IS,308,0,27,2,1,0,0,0,0,0,0,0,0,0,0
IS,413,8,7,3,1,0,0,0,1,1,0,0,0,0,0
IS,430,152,80,21,10,6,1,5,0,1,0,2,1,5,1
IS,445,0,123,2,5,0,1,0,1,0,0,0,1,1,0
IS,452,0,67,0,1,1,2,0,0,0,0,0,0,1,0
IS,455,11,53,13,8,6,4,0,1,2,1,0,0,0,0
IS,490,83,160,67,28,13,5,4,1,0,1,0,0,5,0
IS,501,90,1111,158,43,31,4,1,1,0,1,1,0,2,1
IS,502,8,364,298,205,111,50,9,4,1,0,3,0,1,4
IS,504,49,350,34,11,13,6,0,1,0,0,0,0,2,0
IS,505,74,257,25,14,14,3,2,2,1,0,0,0,0,0
IS,506,7,58,6,1,2,0,0,0,0,0,0,0,0,0
IS,507,23,82,25,2,12,1,0,1,0,0,0,0,1,0
IS,508,1,73,2,1,2,1,0,0,0,0,0,0,1,0
IS,510,34,181,31,10,6,2,0,1,0,0,0,0,3,0
IS,515,0,21,16,7,7,0,1,0,0,0,0,0,0,0
IS,517,0,27,2,0,1,0,0,0,0,0,0,0,0,0
IS,525,3,120,13,5,0,2,0,1,0,0,0,0,0,0
IS,530,0,74,5,1,2,2,0,1,0,0,0,0,0,0
IS,537,5,28,9,8,1,0,0,0,0,0,0,0,0,0
IS,542,1,18,30,10,7,4,2,7,0,0,0,0,0,0
IS,543,5,151,25,9,7,5,1,1,0,0,0,0,0,0
IS,551,7,21,7,0,11,0,0,0,0,1,0,0,1,0
IS,561,1,93,67,11,6,0,0,0,0,0,0,0,0,0
IS,571,0,26,0,0,1,0,0,0,0,0,0,0,0,0
IS,580,0,4,7,4,7,1,0,0,0,0,0,0,0,0
IS,581,13,112,28,10,2,0,0,0,0,0,2,0,0,0
IS,582,1,134,0,1,3,1,0,0,0,0,1,0,3,0
IS,590,177,795,225,62,55,11,9,15,2,1,3,0,2,2
IS,597,22,104,32,21,25,7,9,3,3,0,1,0,0,1
ITAL,101,0,202,0,0,142,0,0,84,0,0,22,0,9,3
ITAL,102,0,39,0,0,45,0,0,23,0,0,3,0,3,0
ITAL,103,0,42,0,0,37,0,0,12,0,0,2,0,1,0
JAPN,201,14,20,17,13,5,7,2,1,2,1,1,2,1,0
JAPN,203,3,9,11,1,1,8,4,3,4,0,0,1,0,0
JOUR,200,157,616,600,378,312,204,86,49,32,19,16,11,52,5
JOUR,411,2,8,0,2,16,0,1,21,0,0,5,0,0,1
JOUR,460,3,52,16,3,16,3,0,1,1,0,3,0,1,0
KIN,100,280,924,123,51,138,18,6,35,5,2,10,1,15,9
KIN,101,109,144,48,33,34,9,4,5,2,1,1,0,8,2
KIN,102,256,540,34,20,21,10,2,5,0,2,1,0,3,2
KIN,103,7,93,9,3,3,0,0,2,0,0,0,0,1,1
KIN,104,957,9551,91,39,840,1,5,357,1,1,115,0,198,60
KIN,107,138,49,2,1,3,1,1,1,0,0,0,0,6,2
KIN,109,76,893,47,25,64,13,4,14,4,0,5,0,5,2
KIN,122,2539,2232,2175,1030,907,537,294,264,185,76,93,49,335,20
KIN,130,45,140,96,52,23,3,2,0,2,0,0,0,2,0
KIN,131,5,41,0,0,5,0,0,0,0,0,0,0,0,0
KIN,142,0,3562,0,0,648,0,0,272,0,0,78,0,149,9
KIN,199,20,100,38,13,12,15,9,5,10,4,6,5,28,4
KIN,247,2,3396,178,101,424,36,32,135,16,6,53,7,91,9
KIN,249,4561,2705,1060,625,533,266,187,143,82,49,47,33,264,17
KIN,340,0,43,17,12,22,11,6,7,1,3,0,2,0,0
KIN,494,10,68,0,1,16,0,0,1,0,0,1,0,0,0
KOR,201,31,18,4,1,6,2,2,1,1,0,0,0,0,0
LA,101,40,21,12,2,8,6,2,1,1,2,0,0,3,0
LA,314,34,65,37,15,10,9,1,2,4,2,0,1,3,1
LAS,100,143,42,6,5,6,2,0,2,0,2,1,1,11,0
LAS,101,9634,6419,2007,903,1305,548,294,401,216,98,146,86,381,41
LAS,199,7,44,2,0,10,0,0,3,0,0,2,0,2,0
LAS,291,322,42,24,19,14,7,6,3,5,1,2,0,3,4
LAS,292,63,65,9,2,13,1,0,0,2,0,8,9,0,0
LAS,399,125,58,20,4,6,2,0,1,0,0,2,0,0,0
LAST,170,626,736,220,154,168,88,51,55,24,10,23,17,50,10
LAW,301,44,57,33,12,13,3,6,0,1,0,0,1,3,0
LAW,501,6,30,31,26,32,3,0,0,0,0,0,0,0,0
LAW,601,34,93,180,333,313,121,53,10,2,3,1,0,0,2
LAW,602,27,184,185,510,408,114,64,43,14,1,6,0,2,5
LAW,603,11,117,94,261,265,100,59,28,1,1,0,0,0,2
LAW,604,27,139,155,406,330,155,56,31,0,0,1,0,1,3
LAW,605,2,12,28,43,20,2,2,1,1,0,1,0,0,0
LAW,606,22,113,214,464,382,143,80,12,1,0,0,0,0,4
LAW,607,31,182,174,521,376,135,51,30,11,0,1,0,1,4
LAW,609,38,108,110,357,210,95,64,24,10,0,3,0,2,2
LAW,610,26,78,82,248,160,73,35,22,0,0,4,0,7,3
LAW,627,27,104,82,388,238,80,80,24,7,3,2,0,0,5
LAW,631,3,13,11,16,16,11,9,3,0,0,0,0,0,0
LAW,633,37,200,537,1056,297,94,19,3,0,0,1,0,4,2
LAW,636,3,22,64,117,26,7,1,0,0,0,0,0,1,1
LAW,643,3,12,11,9,8,4,0,1,0,0,0,0,0,0
LAW,645,1,8,7,12,11,1,1,1,2,0,1,0,0,0
LAW,653,1,35,27,49,21,10,4,4,1,1,0,0,0,1
LAW,654,0,12,11,17,9,1,0,0,0,0,0,0,0,0
LAW,656,1,5,14,26,12,13,4,0,0,0,0,0,1,0
LAW,657,1,7,14,21,3,1,0,0,0,0,0,0,0,0
LAW,680,6,49,28,40,59,15,2,2,0,0,0,0,0,0
LAW,682,6,92,80,75,61,44,23,5,0,0,0,0,0,0
LAW,792,74,495,470,545,451,112,27,20,7,1,0,0,2,10
LAW,793,15,84,81,62,36,1,0,0,0,0,0,0,0,0
LAW,794,13,59,129,197,76,26,4,0,0,1,0,0,1,1
LAW,796,9,30,34,26,13,9,5,3,0,0,0,0,0,3
LAW,797,8,23,28,32,13,9,1,2,0,0,0,0,0,0
LAW,798,0,26,46,8,1,0,0,0,0,0,0,0,0,0
LEAD,140,99,94,16,11,12,8,2,3,1,0,0,1,14,0
LEAD,480,0,23,4,3,1,0,0,0,0,0,0,0,0,0
LER,100,93,1351,729,431,835,439,224,502,241,113,196,111,830,76
LER,110,13,378,235,155,305,150,88,170,82,32,70,45,251,20
LER,120,26,275,121,59,141,56,43,90,38,11,41,13,200,17
LER,542,2,30,4,4,9,1,0,0,0,0,0,0,0,0
LER,545,9,14,5,7,8,4,1,0,0,0,0,0,0,0
LER,561,0,86,19,2,4,0,0,1,1,0,0,0,2,0
LER,562,14,25,15,14,8,0,2,1,0,0,0,0,1,0
LER,565,20,64,7,9,5,4,0,1,0,0,0,1,0,0
LER,566,9,25,26,24,0,0,0,0,0,0,0,0,0,0
LER,590,257,1307,552,297,265,54,25,8,7,1,0,1,4,1
LER,591,57,562,400,120,56,21,1,1,1,0,0,0,0,1
LER,593,354,304,150,121,101,41,21,11,2,0,0,0,2,1
LER,595,1,35,12,9,4,2,1,0,0,0,0,0,0,0
LING,100,212,323,207,129,89,56,25,30,12,6,1,7,19,1
LING,210,7,11,20,6,1,4,0,0,0,0,0,0,0,1
LING,406,62,57,19,7,14,0,0,2,0,0,3,0,7,0
LLS,100,411,376,202,131,129,60,43,44,32,8,7,6,41,4
LLS,279,130,72,27,27,26,13,3,3,7,3,0,1,15,0
MACS,100,1263,1860,1004,614,465,185,84,88,54,25,17,18,57,18
MACS,101,1108,1703,903,473,353,172,95,78,39,21,24,23,104,16
MACS,166,9,34,21,8,4,2,0,3,0,0,0,0,2,0
MACS,199,3,14,9,10,12,5,6,4,0,2,1,1,1,0
MACS,320,19,108,41,73,57,42,13,16,4,3,2,5,5,0
MACS,326,11,37,61,34,42,31,5,15,4,2,8,2,12,2
MACS,351,0,16,16,16,12,18,6,12,12,0,2,0,2,2
MACS,356,70,91,51,56,20,16,4,5,2,2,0,5,3,1
MATH,2,3,3,4,5,8,1,5,5,2,3,2,3,4,3
MATH,12,9,9,11,22,40,31,29,29,14,11,12,12,34,6
MATH,103,13,137,30,25,149,19,19,56,4,3,14,0,6,2
MATH,112,102,322,323,283,330,249,223,194,160,94,72,51,176,24
MATH,115,189,691,453,640,1002,487,504,736,273,276,324,114,457,53
MATH,124,158,331,365,289,270,208,161,119,96,54,46,38,74,16
MATH,125,118,430,635,788,963,779,611,566,320,195,138,88,147,53
MATH,181,47,98,78,69,67,63,37,41,47,15,26,12,38,10
MATH,199,1,689,45,23,26,8,7,13,1,1,3,0,9,0
MATH,213,114,388,189,170,208,112,73,135,55,22,40,30,41,6
MATH,220,1037,2225,1151,1053,2216,1034,850,1678,671,495,849,300,1446,227
MATH,221,672,1977,1505,1387,1841,1123,878,999,500,303,293,136,482,70
MATH,225,331,987,668,622,902,484,455,584,247,112,221,72,204,39
MATH,231,1833,3356,2759,2758,3286,2286,2142,2033,1429,823,721,371,999,228
MATH,234,175,547,530,629,772,514,490,448,309,249,237,117,173,54
MATH,241,1948,4740,3604,3563,4851,3105,2781,3242,1760,755,946,393,1192,228
MATH,257,319,966,382,252,207,131,76,65,34,35,41,0,44,9
MATH,285,1447,4047,1514,1503,2145,1130,823,1015,487,243,373,151,513,78
MATH,286,465,1271,500,491,592,377,318,310,201,100,122,99,208,14
MATH,290,18,224,64,50,32,18,10,9,10,8,3,2,10,0
MATH,299,241,694,706,703,724,478,418,386,232,80,103,18,71,15
MATH,347,326,746,407,387,417,268,223,208,106,33,56,20,74,23
MATH,402,0,18,15,14,12,8,5,6,2,0,3,0,2,0
MATH,412,71,65,62,60,42,50,29,30,20,11,11,6,2,3
MATH,413,124,130,92,70,64,49,57,40,22,18,17,21,29,5
MATH,415,1131,2948,2101,2116,2158,1470,1203,1136,626,387,450,104,384,98
MATH,416,232,296,169,141,168,104,69,125,52,18,33,27,64,8
MATH,417,54,125,82,82,93,48,50,72,33,18,19,10,20,2
MATH,441,230,350,299,234,220,153,128,138,93,38,48,28,95,22
MATH,442,53,106,49,43,43,32,15,21,6,3,8,8,15,2
MATH,444,148,436,116,107,219,76,53,122,34,17,35,14,26,4
MATH,446,83,65,53,41,52,20,22,20,20,2,11,7,9,3
MATH,447,32,22,19,22,30,8,3,10,4,2,3,1,4,1
MATH,453,65,235,64,63,58,32,37,38,14,7,8,5,9,7
MATH,461,167,340,239,201,278,189,130,211,102,26,109,25,128,25
MATH,471,74,211,116,95,136,51,60,96,24,15,34,14,40,4
MATH,476,18,29,22,30,20,22,6,6,13,3,8,6,3,2
MATH,478,3,12,14,3,9,10,1,8,2,2,4,2,2,0
MATH,482,19,45,21,11,4,9,0,4,3,3,1,2,1,1
MATH,490,3,2,4,4,4,4,3,0,1,0,0,0,0,0
MBA,501,142,1087,916,832,823,202,34,6,1,0,0,0,0,0
MBA,502,132,1375,963,656,711,161,52,16,2,0,1,0,0,0
MBA,503,156,756,507,361,299,45,1,6,1,1,2,0,2,0
MBA,504,226,681,285,202,137,59,18,25,5,0,1,0,0,0
MBA,505,63,738,634,499,344,98,15,7,1,1,0,0,0,1
MBA,541,741,401,45,17,22,6,3,5,0,0,0,2,6,1
MBA,542,842,152,14,20,6,0,4,0,0,2,0,0,0,0
MBA,546,28,728,82,16,20,8,0,0,0,0,0,0,0,0
MBA,547,149,222,32,9,4,7,2,0,0,0,0,0,3,0
MBA,548,0,264,82,52,35,24,12,8,2,2,2,0,8,0
MBA,551,0,1580,422,23,68,16,7,11,1,0,2,0,14,2
MBA,552,660,580,324,190,110,30,18,10,0,0,4,0,4,6
MBA,561,698,474,184,83,58,20,14,18,5,1,12,0,18,17
MBA,562,803,78,8,1,5,1,3,3,1,0,1,0,5,3
MBA,563,246,428,358,86,20,0,0,0,0,0,0,0,8,0
MBA,564,691,121,121,55,43,4,1,13,2,4,0,2,10,1
MCB,101,251,519,327,274,291,108,87,72,42,17,21,2,8,3
MCB,104,2,6,12,5,3,1,0,1,0,0,0,0,0,1
MCB,150,646,1239,1480,1422,1282,981,752,548,448,217,127,81,118,37
MCB,151,368,252,123,91,54,32,15,4,1,5,2,0,4,3
MCB,199,31,6,2,1,3,0,0,0,0,0,0,0,0,1
MCB,244,43,80,34,50,147,35,58,47,28,12,11,9,6,2
MCB,245,680,645,749,874,910,787,575,489,353,223,174,130,226,48
MCB,247,247,322,556,643,653,571,331,315,217,91,84,56,93,13
MCB,250,132,184,244,266,255,259,232,212,149,110,89,53,96,14
MCB,251,540,817,679,465,342,196,109,71,38,23,10,8,13,5
MCB,252,433,781,608,467,376,299,210,151,75,49,33,24,21,5
MCB,253,812,940,670,476,256,160,88,33,14,15,7,1,6,7
MCB,301,9,195,270,317,295,117,81,42,13,8,2,3,2,2
MCB,316,9,24,25,15,22,10,10,11,9,1,7,0,5,0
MCB,317,48,384,0,65,544,0,27,226,0,9,55,0,12,3
MCB,334,0,383,0,0,233,0,0,67,0,0,9,0,3,2
MCB,354,146,157,193,178,185,169,164,118,84,71,34,27,12,2
MCB,405,2,36,0,8,32,0,2,8,0,1,4,0,0,0
MCB,408,67,57,50,19,17,9,4,2,0,1,0,0,0,0
MCB,428,14,104,117,97,89,35,12,4,2,1,0,0,0,0
MCB,493,46,140,85,56,60,27,12,16,9,5,1,3,1,1
MDIA,100,148,136,71,42,41,23,11,10,7,5,5,0,15,0
ME,170,143,99,19,9,8,1,2,0,0,0,1,0,1,0
ME,199,329,1846,65,15,112,21,8,34,6,0,6,1,1,7
ME,200,59,266,147,113,140,73,21,38,11,4,8,1,14,3
ME,270,0,12,7,7,0,6,0,1,1,0,0,0,0,0
ME,300,137,280,282,282,332,185,125,133,49,29,41,20,64,22
ME,310,90,234,233,193,212,128,95,110,48,22,20,3,23,4
ME,320,61,143,153,160,180,120,70,78,34,17,18,4,19,6
ME,330,189,383,427,281,221,145,71,68,28,6,12,4,1,0
ME,340,125,344,193,134,192,65,54,78,24,7,14,6,17,5
ME,360,120,317,234,158,191,107,39,56,18,4,12,6,13,0
ME,370,117,333,276,186,179,81,46,27,23,3,5,4,4,2
ME,371,202,479,356,210,120,44,12,6,6,1,3,0,9,1
ME,470,22,161,44,12,8,2,1,3,1,0,0,0,0,0
ME,481,19,16,13,5,10,6,4,1,0,1,0,0,2,0
MS,101,36,196,123,47,19,14,1,4,4,1,0,0,1,1
MS,166,6,31,14,14,14,5,4,2,2,0,1,0,0,0
MS,264,1,25,19,13,8,3,1,0,0,0,0,0,0,0
MS,320,9,28,7,5,5,4,2,1,1,2,1,0,1,0
MS,326,2,29,24,20,29,27,17,17,18,2,4,3,5,0
MS,351,3,22,14,20,30,4,4,3,2,0,1,0,2,1
MS,356,0,10,16,11,14,7,0,3,2,1,0,0,1,0
MSE,280,9,42,17,54,47,41,24,21,8,11,3,2,3,3
MSE,457,2,13,4,1,15,2,3,4,1,0,0,0,0,0
MUS,101,8,5,6,0,1,3,0,0,0,0,1,0,0,0
MUS,102,20,63,61,27,36,17,15,11,10,2,4,2,11,1
MUS,103,30,23,9,10,6,4,2,3,0,2,0,1,3,1
MUS,107,37,81,34,35,36,14,14,16,9,3,1,5,9,0
MUS,108,45,67,34,32,31,18,10,12,7,3,3,0,8,0
MUS,110,3,6,18,10,20,16,8,2,2,4,0,3,5,0
MUS,130,391,317,178,113,102,73,37,34,24,16,13,22,63,8
MUS,132,902,566,211,76,68,39,29,20,17,7,11,4,42,9
MUS,133,2126,1909,1222,764,974,391,214,259,109,48,55,31,148,22
MUS,201,8,13,12,5,15,5,3,7,0,0,0,2,1,0
MUS,202,6,25,29,30,25,23,12,15,8,0,3,1,3,2
MUS,207,2,6,7,3,1,0,0,1,0,0,0,0,1,0
MUS,241,32,67,34,5,1,1,1,2,1,0,0,0,0,0
MUS,242,11,9,4,1,2,0,0,0,0,0,0,0,1,0
MUS,250,5,712,32,11,12,3,0,5,0,0,3,0,2,1
MUS,261,10,12,4,4,2,0,0,0,0,0,0,0,0,0
MUS,272,88,85,8,1,1,2,0,0,0,0,0,0,2,0
MUS,408,9,35,17,16,7,3,1,0,1,1,1,1,0,1
MUS,450,19,1,0,0,1,0,0,0,0,0,0,0,0,0
MUS,499,31,78,40,23,48,7,4,3,5,0,0,0,0,2
MUS,501,9,33,21,24,19,10,1,2,0,0,0,0,2,1
MUSC,487,0,316,0,0,2,0,0,1,0,0,0,0,0,1
NPRE,101,2,27,34,17,30,21,17,11,1,0,0,1,2,0
NPRE,201,39,595,428,172,146,73,24,34,8,1,3,0,16,2
NRES,100,43,83,29,31,24,16,11,14,5,4,6,2,18,2
NRES,102,412,1237,925,719,600,361,207,194,96,58,49,32,166,23
NRES,419,12,7,16,9,7,2,1,1,1,0,0,0,1,0
NRES,454,59,73,31,13,23,6,1,6,2,0,2,0,3,2
NRES,456,18,18,7,23,17,12,4,7,2,7,2,0,3,0
NUTR,510,3,40,0,0,14,0,0,7,0,0,3,0,0,1
PHIL,100,10,87,109,88,63,58,28,18,12,5,3,2,19,3
PHIL,101,73,546,683,602,610,358,224,138,59,39,29,29,111,21
PHIL,102,318,1365,752,602,627,433,265,234,144,63,95,63,263,21
PHIL,103,61,136,77,53,70,40,25,39,32,8,24,16,47,7
PHIL,104,0,7,5,11,11,3,4,0,1,0,1,1,0,1
PHIL,105,24,197,258,267,292,124,66,47,23,11,8,11,31,5
PHIL,202,0,7,8,0,0,1,0,0,3,0,0,0,12,1
PHIL,210,4,38,29,19,9,13,5,2,3,1,0,0,0,0
PHIL,214,7,52,78,65,47,18,16,3,4,1,0,0,3,2
PHYS,100,693,1187,668,769,1280,399,188,263,109,77,36,27,15,24
PHYS,101,1120,1224,856,826,798,982,887,939,640,488,328,429,170,74
PHYS,102,693,1015,743,749,720,816,632,650,506,268,185,210,67,30
PHYS,211,4188,3577,2274,2134,1935,1949,1614,1563,1165,788,591,818,458,147
PHYS,212,3078,2921,1940,1893,1886,2222,1891,1803,1578,948,738,877,386,126
PHYS,213,1769,1696,1252,1286,1402,1439,1253,1227,1028,573,432,473,307,38
PHYS,214,1608,1735,1345,1406,1533,1396,1327,1253,930,642,404,421,204,123
PHYS,325,59,33,19,17,23,10,1,7,3,0,4,3,1,0
PHYS,435,11,19,14,15,7,9,3,2,0,0,0,0,0,0
PHYS,436,8,14,13,3,3,4,0,0,0,0,0,0,0,0
PHYS,580,12,7,10,3,2,2,2,3,4,2,0,2,0,0
PLPA,407,3,25,13,8,9,8,0,4,2,0,1,0,0,0
PS,100,154,371,332,209,149,87,48,50,31,10,15,13,68,5
PS,101,35,240,101,95,90,56,38,45,13,9,14,6,30,5
PS,199,11,27,11,9,14,7,3,1,1,0,1,0,3,0
PS,201,231,170,125,64,68,35,24,30,30,12,4,5,45,4
PS,220,0,4,3,0,7,6,1,1,0,0,0,0,1,0
PS,225,3,10,8,10,9,12,3,1,3,2,0,0,5,0
PS,230,12,16,6,2,7,3,1,2,0,2,1,0,3,0
PS,240,12,26,7,9,11,3,4,6,4,2,1,1,5,0
PS,241,33,130,90,83,63,33,20,19,16,7,11,5,38,3
PS,280,47,320,247,252,257,155,108,93,66,21,27,18,72,11
PS,283,2,3,4,5,3,2,2,1,0,0,0,0,1,0
PS,300,48,325,209,127,119,68,38,34,8,1,9,2,26,7
PS,499,20,39,12,5,10,2,0,2,0,0,1,0,3,0
PSYC,100,1908,6485,3166,3658,6129,2266,1616,3130,716,504,641,217,946,132
PSYC,201,2120,1977,1324,1169,1357,882,492,566,336,151,187,100,271,48
PSYC,204,47,100,66,23,30,14,8,8,7,5,6,0,9,0
PSYC,216,33,472,27,15,317,4,1,173,1,2,58,0,28,16
PSYC,230,95,17,16,15,7,6,5,7,3,0,0,0,3,0
PSYC,235,12,43,18,18,17,12,2,7,8,0,2,3,10,0
PSYC,238,263,2202,1653,1420,1384,792,522,381,172,103,100,51,229,35
PSYC,245,4,106,5,1,4,2,0,0,0,0,0,0,1,0
PSYC,336,4,148,56,49,68,14,10,17,2,1,1,0,3,0
PSYC,340,25,5,2,4,8,0,1,2,1,0,0,0,1,0
PSYC,353,9,11,4,4,6,1,2,0,0,0,0,0,0,0
PSYC,396,104,167,85,53,58,30,25,6,4,4,1,0,5,3
PSYC,406,1,138,9,4,15,2,0,5,0,0,1,0,0,1
PSYC,407,0,20,8,0,1,0,0,0,0,0,0,0,0,0
PSYC,456,1,22,8,2,11,2,3,6,3,0,1,1,0,1
PSYC,496,29,146,36,10,23,9,2,8,1,0,1,0,4,1
REHB,330,112,432,5,3,95,4,4,20,0,1,12,1,37,2
REL,104,27,139,151,118,105,45,24,38,17,8,9,4,34,3
REL,110,1786,1166,538,333,321,152,79,78,31,21,26,26,71,12
RHET,105,249,2402,1637,1017,766,264,124,91,73,22,25,10,130,20
RHET,233,98,391,210,125,102,48,10,12,4,2,2,2,36,6
RLST,104,27,930,144,141,588,95,42,179,20,14,50,11,54,9
RLST,110,294,1444,1120,1050,1200,640,377,320,135,64,62,29,82,20
RLST,286,0,45,0,0,18,0,0,1,0,0,2,0,0,0
RST,100,52,47,46,14,13,12,11,11,9,6,1,4,11,1
RST,110,115,471,247,177,290,146,98,113,56,20,38,20,98,10
RST,130,0,47,22,14,13,5,1,7,2,1,4,0,16,0
RST,199,567,1044,429,229,343,135,101,104,45,20,37,16,99,7
RST,200,24,1094,0,83,521,0,7,155,0,0,30,1,43,7
RST,216,8,25,29,7,4,4,4,2,0,0,1,0,1,0
RST,242,127,11008,3,41,1623,0,18,621,0,11,228,0,595,35
RST,255,70,915,46,40,690,27,9,202,5,1,44,2,69,10
RST,393,3,10,6,12,12,6,2,1,1,0,1,0,0,0
RST,465,0,20,11,2,5,5,0,2,0,0,2,0,1,0
RST,594,6,11,2,1,2,2,0,0,0,0,0,0,0,0
SCAN,251,160,577,167,92,84,54,31,24,11,8,5,3,21,5
SE,101,34,206,163,129,123,53,33,36,29,11,6,3,13,0
SE,494,24,114,35,13,17,0,0,0,0,0,0,0,0,0
SHS,120,3,9026,8,10,3038,8,4,780,2,1,218,1,230,33
SHS,121,144,441,326,184,204,103,73,67,43,24,18,7,40,4
SHS,170,23,28,22,9,2,8,0,1,0,1,1,0,1,0
SHS,200,68,39,34,19,13,10,3,0,4,1,0,0,1,0
SHS,221,81,184,112,55,89,52,21,45,21,6,10,5,13,2
SHS,222,609,688,197,104,97,36,21,10,5,6,3,3,10,1
SHS,271,60,61,73,22,23,4,0,2,1,4,0,2,0,0
SHS,320,17,44,19,7,14,7,1,6,0,1,3,0,0,0
SHS,321,70,152,94,91,96,70,40,32,17,11,9,11,20,2
SHS,375,247,551,19,7,50,10,4,11,0,0,5,0,17,1
SHS,431,0,12,9,5,15,2,0,1,0,0,1,0,0,0
SHS,451,78,32,32,10,7,0,2,2,0,0,0,0,2,0
SHS,470,4,2,6,5,5,4,2,0,1,0,1,0,0,0
SHS,577,10,60,12,4,4,0,0,2,0,0,0,0,0,0
SLAV,120,2,22,9,13,17,3,0,1,0,0,1,0,0,0
SOC,100,933,4420,2453,1568,1519,839,429,443,213,82,127,51,201,46
SOC,160,44,60,20,26,19,11,6,9,1,0,0,0,4,1
SOC,196,0,34,6,6,4,4,1,1,0,1,2,2,3,1
SOC,200,10,5,3,0,0,0,1,2,0,0,1,0,1,0
SOC,225,5,14,2,0,2,0,0,1,0,0,0,0,1,0
SOC,270,2,7,4,4,5,1,0,1,0,0,0,0,1,0
SOC,275,18,170,47,47,46,8,14,5,3,6,5,4,17,0
SOC,280,45,56,31,36,25,27,22,14,8,12,7,4,19,1
SOC,310,4,14,13,3,14,14,3,5,3,0,3,0,6,2
SOC,380,46,306,121,82,76,44,30,26,10,7,14,8,15,4
SOC,396,33,17,6,8,4,10,0,2,4,0,1,1,0,0
SOCW,101,45,39,9,4,4,2,1,2,2,1,0,0,6,1
SOCW,200,118,349,496,374,357,239,117,90,51,25,29,6,77,9
SOCW,240,12,57,34,26,13,8,16,5,7,5,2,2,3,1
SOCW,300,172,799,220,179,162,75,34,50,15,4,15,3,29,9
SOCW,321,12,72,17,6,2,2,1,0,0,0,0,0,0,0
SOCW,360,19,18,12,1,3,3,0,2,0,0,0,1,0,0
SOCW,380,0,46,4,4,1,1,0,1,0,0,0,0,1,0
SOCW,400,7,121,36,9,12,1,0,0,0,0,0,0,0,0
SOCW,401,53,263,82,39,21,16,3,1,2,0,4,0,6,2
SOCW,402,22,90,19,13,25,4,2,5,1,1,1,0,2,2
SOCW,403,27,188,49,37,56,7,7,2,0,0,0,0,2,0
SOCW,410,203,385,171,75,55,24,15,11,9,0,4,1,4,3
SOCW,427,176,407,192,72,82,24,9,11,7,1,4,0,9,5
SOCW,451,279,338,97,63,56,27,4,13,6,3,6,0,12,2
SOCW,461,0,111,10,9,8,1,1,1,0,0,0,0,0,0
SOCW,470,0,33,8,3,1,0,0,0,0,0,0,0,0,0
SOCW,471,0,18,0,0,6,0,0,0,0,0,0,0,0,0
SOCW,500,81,164,89,51,65,7,1,5,0,0,0,0,4,1
SOCW,502,18,1,0,1,1,0,0,0,1,0,0,0,0,0
SOCW,503,12,32,4,1,0,0,0,0,0,0,0,0,1,0
SOCW,505,89,99,14,9,8,2,2,2,0,0,0,0,4,0
SOCW,506,0,19,0,1,1,0,0,0,0,0,0,0,0,0
SOCW,509,70,128,54,23,19,4,2,0,1,0,2,0,0,0
SOCW,514,6,55,11,2,2,0,0,0,0,0,0,0,0,0
SOCW,519,7,26,10,2,1,0,0,0,0,1,0,0,0,0
SOCW,526,0,36,5,5,0,1,0,1,0,1,0,1,0,0
SOCW,531,9,158,19,7,6,1,0,0,0,0,0,0,0,0
SOCW,532,0,107,2,0,6,1,0,0,0,0,0,0,0,0
SOCW,541,0,29,40,29,38,14,1,1,0,0,1,0,0,1
SOCW,542,49,158,33,21,13,2,2,2,0,0,2,0,3,0
SOCW,552,126,416,125,71,98,25,2,3,0,0,2,0,2,2
SOCW,553,19,22,3,2,1,0,0,0,0,0,0,0,0,0
SOCW,589,59,734,382,198,174,20,8,7,4,0,3,0,2,1
SPAN,103,2,39,52,40,53,34,38,27,12,11,11,11,17,1
SPAN,122,20,102,118,105,143,101,82,90,46,36,25,16,45,5
SPAN,130,29,26,8,14,18,8,5,13,4,6,3,4,8,0
SPAN,141,25,135,108,113,93,81,49,35,33,23,22,23,33,2
SPAN,142,0,18,10,12,12,8,2,10,2,8,2,0,0,0
SPAN,200,77,296,216,168,157,66,47,32,11,9,14,6,12,0
SPAN,204,99,160,157,68,96,41,32,31,6,2,3,6,8,2
SPAN,228,2,8,6,8,2,0,2,2,2,0,0,0,0,0
SPAN,252,65,43,27,24,8,7,9,3,0,1,2,0,3,0
SPAN,254,6,17,31,28,18,4,2,2,0,2,0,0,0,0
SPAN,303,8,5,3,3,2,0,2,0,1,0,0,0,0,0
SPAN,305,20,17,8,5,8,1,2,3,0,0,0,1,1,1
SPAN,307,18,28,14,4,0,1,0,0,0,1,0,0,0,0
SPAN,308,96,95,34,22,20,13,4,2,0,0,3,1,4,0
SPAN,309,3,10,12,10,4,6,1,2,0,0,0,0,0,0
SPAN,312,11,14,5,5,6,4,2,0,0,0,0,0,0,0
SPAN,320,10,11,9,4,3,2,2,1,1,1,1,1,1,0
SPAN,326,1,30,18,12,4,3,0,2,1,0,0,0,0,0
SPED,117,130,6000,87,37,763,16,11,154,2,1,55,0,134,10
SPED,205,128,227,23,31,39,9,2,10,0,0,0,0,0,0
SPED,405,321,1010,116,78,172,32,14,41,5,1,9,1,10,2
STAT,100,5334,9390,4668,3577,3516,1939,1331,1430,703,462,422,231,568,132
STAT,200,742,1716,729,512,469,255,151,141,86,39,40,27,64,23
STAT,207,22,30,17,4,7,4,1,3,0,3,1,2,2,0
STAT,212,501,642,266,240,193,76,49,56,18,9,20,14,35,4
STAT,385,237,321,56,37,43,13,19,10,6,1,3,5,6,1
STAT,400,1360,2933,1416,1221,1358,831,515,567,370,146,222,129,333,51
STAT,410,499,915,389,342,362,317,114,205,167,34,127,26,180,36
STAT,420,921,1920,633,345,420,180,107,118,37,15,33,6,57,19
STAT,425,419,658,282,249,238,115,69,71,36,28,17,9,53,5
STAT,426,30,61,34,19,18,20,7,7,7,0,3,3,3,0
STAT,428,10,77,42,22,33,14,10,14,2,4,2,2,5,0
STAT,429,4,18,6,3,0,0,2,0,0,0,0,0,1,0
STAT,430,279,559,196,121,114,39,24,43,16,17,15,8,28,6
STAT,432,36,211,31,19,16,12,8,5,5,0,2,1,4,1
STAT,440,122,811,203,111,127,26,12,32,6,4,11,0,21,2
STAT,448,143,434,212,123,75,36,21,14,10,6,7,3,14,4
STAT,480,32,115,23,9,14,14,4,8,0,0,1,1,1,0
TAM,210,115,314,274,319,291,254,199,184,148,79,146,51,142,12
TAM,211,133,359,304,317,335,344,272,217,219,146,145,100,188,19
TAM,212,120,339,344,399,433,311,256,208,129,74,50,33,66,13
TAM,251,315,624,422,391,534,320,250,326,158,134,152,78,118,19
TAM,335,71,114,143,96,97,84,46,38,27,14,8,10,18,4
TE,200,0,98,10,3,7,2,0,2,1,1,1,0,1,0
TE,298,13,48,15,8,3,0,1,1,1,0,0,0,1,0
TE,360,121,129,20,4,18,2,0,6,3,0,1,0,0,0
TE,460,23,19,8,2,5,3,2,0,1,0,0,0,0,0
THEA,100,58,650,34,12,58,13,1,17,2,3,9,1,22,9
THEA,101,10210,4070,2328,1210,890,683,337,291,229,143,128,108,521,95
THEA,110,115,45,17,6,8,4,4,3,3,2,3,1,4,2
TSM,199,6,8,0,3,1,0,1,2,0,0,0,0,0,1
TSM,435,26,8,3,6,1,1,1,0,0,0,0,0,0,0
UP,480,23,74,59,46,42,24,8,5,2,0,1,0,4,2
UP,494,1,19,5,14,14,0,11,1,3,0,0,2,1,0
